{"mae":16.6820342371,"r2":0.2819851007}
