{"mae":16.199889667,"r2":0.3230203328}
