{"mae":16.7027341991,"r2":0.277742339}
