{"mae":16.9603061676,"r2":0.248308897}
